{"cameraMode":{"drawMode":0,"name":"Shaded","section":"Shading Mode"},"sceneLighting":true,"audioPlay":false,"sceneViewState":{"showFog":true,"showMaterialUpdate":false,"showSkybox":true,"showFlares":true,"showImageEffects":true,"showParticleSystems":true},"in2DMode":false,"pivot":{"x":-259.1452941894531,"y":-128.47225952148438,"z":113.00047302246094},"rotation":{"x":-0.18772819638252259,"y":0.6178222298622131,"z":-0.15512709319591523,"w":-0.7476676106452942},"size":924.1548461914063,"orthographic":false}